caller,receiver,date,duration,tower,call_type
9876543210,9123456789,2024-08-01 08:15:32,245,Dharavi BTS-04,voice
9876543210,9000000042,2024-08-01 09:22:10,512,Dharavi BTS-04,voice
9876543210,9988776655,2024-08-01 10:05:44,88,Dharavi BTS-02,voice
9123456789,9876543210,2024-08-01 11:30:00,310,Kurla BTS-07,voice
9000000042,9876543210,2024-08-01 13:45:22,155,Andheri BTS-12,voice
9988776655,9811001122,2024-08-01 14:20:15,430,Delhi BTS-22,voice
9811001122,9988776655,2024-08-01 15:10:08,267,Delhi BTS-22,voice
9876543210,9999100001,2024-08-02 01:12:45,89,Dharavi BTS-04,voice
9876543210,9999100002,2024-08-02 01:45:30,123,Dharavi BTS-04,voice
9876543210,9999100003,2024-08-02 02:10:05,67,Dharavi BTS-04,voice
9876543210,9000000042,2024-08-02 02:55:18,890,Kurla BTS-07,voice
9000000042,9876100011,2024-08-02 03:22:40,210,Andheri BTS-12,voice
9123456789,9811001122,2024-08-02 09:00:12,178,Kurla BTS-07,voice
9811001122,9799887766,2024-08-02 10:30:55,345,Delhi BTS-18,voice
9799887766,9876001122,2024-08-02 11:15:32,520,Ludhiana BTS-03,voice
9876001122,9799887766,2024-08-02 12:00:00,290,Ludhiana BTS-03,voice
9876001122,9812345678,2024-08-02 13:20:44,410,Amritsar BTS-01,voice
9876543210,9000000042,2024-08-03 00:30:20,760,Dharavi BTS-04,voice
9876543210,9000000042,2024-08-03 01:15:10,445,Dharavi BTS-04,voice
9876543210,9000000042,2024-08-03 02:05:33,312,Dharavi BTS-04,voice
9876543210,9000000042,2024-08-03 02:45:22,890,Dharavi BTS-04,voice
9876543210,9000000042,2024-08-03 03:30:15,234,Dharavi BTS-04,voice
9811001122,9988776655,2024-08-03 09:10:00,560,Delhi BTS-22,voice
9988776655,9876543210,2024-08-03 10:00:40,185,Delhi BTS-22,voice
9799887766,9811001122,2024-08-03 11:30:22,420,Delhi BTS-18,voice
9876001122,9799887766,2024-08-04 08:45:10,310,Ludhiana BTS-05,voice
9812345678,9876001122,2024-08-04 09:30:55,270,Amritsar BTS-02,voice
9876543210,9123456789,2024-08-04 10:15:30,445,Dharavi BTS-04,voice
9123456789,9876543210,2024-08-04 11:00:12,178,Kurla BTS-07,voice
9000000042,9876543210,2024-08-04 12:30:00,560,Andheri BTS-12,voice
9988776655,9000000042,2024-08-04 13:45:22,310,Delhi BTS-22,voice
9988776655,9876001122,2024-08-04 14:20:15,240,Delhi BTS-22,voice
9876543210,9999200001,2024-08-05 01:05:44,89,Dharavi BTS-04,voice
9876543210,9999200002,2024-08-05 01:40:20,112,Dharavi BTS-04,voice
9876543210,9999200003,2024-08-05 02:15:33,78,Dharavi BTS-04,voice
9876543210,9999200004,2024-08-05 02:50:10,145,Dharavi BTS-04,voice
9876543210,9999200005,2024-08-05 03:25:55,91,Kurla BTS-07,voice
9811001122,9799887766,2024-08-05 09:00:00,670,Delhi BTS-18,voice
9799887766,9876001122,2024-08-05 10:15:30,389,Ludhiana BTS-03,voice
9876001122,9812345678,2024-08-05 11:00:22,510,Amritsar BTS-01,voice
9911223344,9811001122,2024-08-06 08:30:10,220,Delhi BTS-22,voice
9911223344,9799887766,2024-08-06 09:15:44,310,Delhi BTS-22,voice
9911223344,9876543210,2024-08-06 10:00:00,145,Delhi BTS-22,voice
9876543210,9911223344,2024-08-06 11:30:22,280,Dharavi BTS-04,voice
9000000042,9911223344,2024-08-06 12:45:10,195,Andheri BTS-12,voice
9876543210,9000000042,2024-08-07 00:10:05,340,Dharavi BTS-04,voice
9876543210,9000000042,2024-08-07 00:55:30,512,Dharavi BTS-04,voice
9876543210,9000000042,2024-08-07 01:40:15,278,Dharavi BTS-04,voice
9876543210,9000000042,2024-08-07 02:25:44,890,Dharavi BTS-04,voice
9876543210,9000000042,2024-08-07 03:10:22,445,Dharavi BTS-04,voice
9876543210,9000000042,2024-08-07 03:55:10,312,Kurla BTS-07,voice
