account_number,beneficiary,amount,txn_date,txn_type,reference,bank_name
50100234567890,40200112233445,100000,2024-08-01,NEFT,TXN2024080100001,HDFC Bank
50100234567890,40200112233445,100000,2024-08-01,NEFT,TXN2024080100002,HDFC Bank
50100234567890,40200112233445,100000,2024-08-01,NEFT,TXN2024080100003,HDFC Bank
50100234567890,99887766554433,500000,2024-08-02,RTGS,TXN2024080200001,HDFC Bank
99887766554433,11223344556677,500000,2024-08-02,RTGS,TXN2024080200002,SBI
11223344556677,88776655443322,200000,2024-08-03,NEFT,TXN2024080300001,ICICI Bank
11223344556677,88776655443322,200000,2024-08-03,NEFT,TXN2024080300002,ICICI Bank
11223344556677,88776655443322,200000,2024-08-03,NEFT,TXN2024080300003,ICICI Bank
50100234567890,22334455667788,2500000,2024-08-04,RTGS,TXN2024080400001,HDFC Bank
22334455667788,55443322110099,1000000,2024-08-04,RTGS,TXN2024080400002,Axis Bank
55443322110099,50100234567890,950000,2024-08-05,RTGS,TXN2024080500001,Axis Bank
40200112233445,99887766554433,100000,2024-08-05,NEFT,TXN2024080500002,PNB
40200112233445,99887766554433,100000,2024-08-05,NEFT,TXN2024080500003,PNB
40200112233445,99887766554433,100000,2024-08-05,NEFT,TXN2024080500004,PNB
40200112233445,99887766554433,100000,2024-08-06,NEFT,TXN2024080600001,PNB
40200112233445,99887766554433,100000,2024-08-06,NEFT,TXN2024080600002,PNB
88776655443322,50100234567890,590000,2024-08-06,RTGS,TXN2024080600003,ICICI Bank
99887766554433,11223344556677,750000,2024-08-07,RTGS,TXN2024080700001,SBI
50100234567890,77665544332211,10000,2024-08-07,UPI,TXN2024080700002,HDFC Bank
50100234567890,77665544332211,10000,2024-08-07,UPI,TXN2024080700003,HDFC Bank
50100234567890,77665544332211,10000,2024-08-07,UPI,TXN2024080700004,HDFC Bank
50100234567890,77665544332211,10000,2024-08-08,UPI,TXN2024080800001,HDFC Bank
50100234567890,77665544332211,10000,2024-08-08,UPI,TXN2024080800002,HDFC Bank
22334455667788,11223344556677,1500000,2024-08-08,RTGS,TXN2024080800003,Axis Bank
11223344556677,99887766554433,1450000,2024-08-09,RTGS,TXN2024080900001,ICICI Bank
99887766554433,50100234567890,1400000,2024-08-09,RTGS,TXN2024080900002,SBI
66554433221100,50100234567890,300000,2024-08-10,NEFT,TXN2024081000001,PNB
66554433221100,50100234567890,300000,2024-08-10,NEFT,TXN2024081000002,PNB
66554433221100,50100234567890,300000,2024-08-10,NEFT,TXN2024081000003,PNB
50100234567890,22334455667788,5000000,2024-08-11,RTGS,TXN2024081100001,HDFC Bank
